-- Insert into orders table
INSERT INTO orders (orderID, order_total, customerID, paymentID, order_date, productID) VALUES
(10001, 120.50, 50001, 60001, '2024-11-01', 70001),
(10002, 85.00, 50002, 60002, '2024-11-02', 70002),
(10003, 150.00, 50003, 60003, '2024-11-03', 70003),
(10004, 60.75, 50004, 60004, '2024-11-04', 70004),
(10005, 200.00, 50005, 60005, '2024-11-05', 70005),
(10006, 95.00, 50006, 60006, '2024-11-06', 70006),
(10007, 175.25, 50007, 60007, '2024-11-07', 70007),
(10008, 110.00, 50008, 60008, '2024-11-08', 70008),
(10009, 140.50, 50009, 60009, '2024-11-09', 70009),
(10010, 75.00, 50010, 60010, '2024-11-10', 70010);

-- Insert into order_items table
INSERT INTO order_items (order_itemsID, orderID, productID, order_quantity, item_total) VALUES
(20001, 10001, 70001, 2, 60.25),
(20002, 10002, 70002, 1, 85.00),
(20003, 10003, 70003, 3, 50.00),
(20004, 10004, 70004, 1, 60.75),
(20005, 10005, 70005, 4, 50.00),
(20006, 10006, 70006, 1, 95.00),
(20007, 10007, 70007, 2, 87.63),
(20008, 10008, 70008, 1, 110.00),
(20009, 10009, 70009, 2, 70.25),
(20010, 10010, 70010, 3, 25.00);

-- Insert into review table
INSERT INTO review (reviewID, customerID, order_itemsID, review_date, rating) VALUES
(30001, 50001, 20001, '2024-11-02', 4),
(30002, 50002, 20002, '2024-11-03', 5),
(30003, 50003, 20003, '2024-11-04', 3),
(30004, 50004, 20004, '2024-11-05', 4),
(30005, 50005, 20005, '2024-11-06', 5),
(30006, 50006, 20006, '2024-11-07', 4),
(30007, 50007, 20007, '2024-11-08', 3),
(30008, 50008, 20008, '2024-11-09', 5),
(30009, 50009, 20009, '2024-11-10', 4),
(30010, 50010, 20010, '2024-11-11', 5);
