-- Insert into orders table
INSERT INTO orders (orderID, order_total, customerID, paymentID, order_date, productID) VALUES
(5001, 2999.00, 202401, 101, '2024-10-10', 881948),
(5002, 49999.00, 202402, 102, '2024-10-12', 705898),
(5003, 24999.00, 202403, 103, '2024-10-15', 750936),
(5004, 35000.00, 202404, 104, '2024-10-17', 309602),
(5005, 6000.00, 202405, 105, '2024-10-20', 203495),
(5006, 1500.00, 202406, 106, '2024-10-22', 263793),
(5007, 20000.00, 202407, 107, '2024-10-25', 104510),
(5008, 15000.00, 202408, 108, '2024-10-27', 265503),
(5009, 800.00, 202409, 109, '2024-10-30', 100636),
(5010, 500.00, 202410, 110, '2024-11-01', 931087);

-- Insert into order_items table
INSERT INTO order_items (order_itemsID, orderID, productID, order_quantity, item_total) VALUES
(9001, 5001, 881948, 1, 2999.00),
(9002, 5002, 705898, 1, 49999.00),
(9003, 5003, 750936, 1, 24999.00),
(9004, 5004, 309602, 1, 35000.00),
(9005, 5005, 203495, 1, 6000.00),
(9006, 5006, 263793, 2, 3000.00),
(9007, 5007, 104510, 1, 20000.00),
(9008, 5008, 265503, 1, 15000.00),
(9009, 5009, 100636, 1, 800.00),
(9010, 5010, 931087, 2, 1000.00);

-- Insert into review table
INSERT INTO review (reviewID, customerID, order_itemsID, review_date, rating) VALUES
(3001, 202401, 9001, '2024-10-11', 5),
(3002, 202402, 9002, '2024-10-13', 4),
(3003, 202403, 9003, '2024-10-16', 5),
(3004, 202404, 9004, '2024-10-18', 3),
(3005, 202405, 9005, '2024-10-21', 4),
(3006, 202406, 9006, '2024-10-23', 5),
(3007, 202407, 9007, '2024-10-26', 4),
(3008, 202408, 9008, '2024-10-28', 3),
(3009, 202409, 9009, '2024-10-31', 4),
(3010, 202410, 9010, '2024-11-02', 5);
