USE ECommerceProject;

INSERT INTO orders (orderID, order_total, customerID, paymentID, order_date, productID) VALUES
(300001, 24999.00, 202401, 1001, '2024-01-10', 750936),
(300002, 49999.00, 202402, 1002, '2024-01-11', 705898),
(300003, 2999.00, 202403, 1003, '2024-01-12', 881948),
(300004, 35000.00, 202404, 1004, '2024-01-15', 309602),
(300005, 6000.00, 202405, 1005, '2024-01-16', 203495),
(300006, 1500.00, 202406, 1006, '2024-01-18', 263793),
(300007, 20000.00, 202407, 1007, '2024-01-20', 104510),
(300008, 15000.00, 202408, 1008, '2024-01-21', 265503),
(300009, 500.00, 202409, 1009, '2024-01-25', 873939),
(300010, 350.00, 202410, 1010, '2024-01-26', 693868),
(300011, 1500.00, 202411, 1011, '2024-01-28', 349933),
(300012, 600.00, 202412, 1012, '2024-01-30', 772199),
(300013, 150.00, 202413, 1013, '2024-02-01', 105655),
(300014, 1000.00, 202414, 1014, '2024-02-03', 956988),
(300015, 800.00, 202415, 1015, '2024-02-05', 567916),
(300016, 1500.00, 202416, 1016, '2024-02-06', 468303),
(300017, 600.00, 202417, 1017, '2024-02-08', 327185),
(300018, 800.00, 202418, 1018, '2024-02-10', 100636),
(300019, 500.00, 202419, 1019, '2024-02-12', 931087),
(300020, 49999.00, 202420, 1020, '2024-02-15', 705898);

INSERT INTO order_items (order_itemsID, orderID, productID, order_quantity, item_total) VALUES
(400001, 300001, 750936, 3, 74997.00),
(400002, 300002, 705898, 1, 49999.00),
(400003, 300003, 881948, 2, 5998.00),
(400004, 300004, 309602, 2, 70000.00),
(400005, 300005, 203495, 1, 6000.00),
(400006, 300006, 263793, 6, 9000.00),
(400007, 300007, 104510, 1, 20000.00),
(400008, 300008, 265503, 1, 15000.00),
(400009, 300009, 873939, 3, 1500.00),
(400010, 300010, 693868, 3, 1050.00),
(400011, 300011, 349933, 1, 1500.00),
(400012, 300012, 772199, 5, 3000.00),
(400013, 300013, 105655, 2, 300.00),
(400014, 300014, 956988, 2, 2000.00),
(400015, 300015, 567916, 3, 2400.00),
(400016, 300016, 468303, 3, 4500.00),
(400017, 300017, 327185, 3, 1800.00),
(400018, 300018, 100636, 3, 2400.00),
(400019, 300019, 931087, 3, 1500.00),
(400020, 300020, 705898, 1, 49999.00);

INSERT INTO review (reviewID, customerID, order_itemsID, review_date, rating) VALUES
(500001, 202401, 400001, '2024-01-11', 5),
(500002, 202402, 400002, '2024-01-12', 4),
(500003, 202403, 400003, '2024-01-13', 5),
(500004, 202404, 400004, '2024-01-17', 3),
(500005, 202405, 400005, '2024-01-18', 5),
(500006, 202406, 400006, '2024-01-19', 4),
(500007, 202407, 400007, '2024-01-21', 4),
(500008, 202408, 400008, '2024-01-22', 5),
(500009, 202409, 400009, '2024-01-26', 5),
(500010, 202410, 400010, '2024-01-27', 4),
(500011, 202411, 400011, '2024-01-29', 5),
(500012, 202412, 400012, '2024-01-31', 3),
(500013, 202413, 400013, '2024-02-02', 5),
(500014, 202414, 400014, '2024-02-04', 5),
(500015, 202415, 400015, '2024-02-06', 4),
(500016, 202416, 400016, '2024-02-07', 3),
(500017, 202417, 400017, '2024-02-09', 4),
(500018, 202418, 400018, '2024-02-11', 4),
(500019, 202419, 400019, '2024-02-13', 5),
(500020, 202420, 400020, '2024-02-16', 5);